Workbook

Sheet Sales Data
A1: Product Name | B1: Category | C1: Month | D1: Units Sold | E1: Revenue | F1: Region
A2: Wireless Earbuds | B2: Electronics | C2: Jan | D2: 75 | E2: 3375 | F2: East
A3: Smart Watch | B3: Electronics | C3: Jan | D3: 45 | E3: 5400 | F3: West
A4: Yoga Mat | B4: Fitness | C4: Jan | D4: 47 | E4: 1175 | F4: West
A5: Dumbbell Set | B5: Fitness | C5: Jan | D5: 38 | E5: 2280 | F5: North
A6: Table Lamp | B6: Home | C6: Jan | D6: 25 | E6: 750 | F6: South
A7: Coffee Maker | B7: Home | C7: Jan | D7: 34 | E7: 2720 | F7: West
A8: Backpack | B8: Fashion | C8: Jan | D8: 57 | E8: 2280 | F8: North
A9: Sneakers | B9: Fashion | C9: Jan | D9: 48 | E9: 3360 | F9: West
A10: Wireless Earbuds | B10: Electronics | C10: Feb | D10: 41 | E10: 1845 | F10: West
A11: Smart Watch | B11: Electronics | C11: Feb | D11: 29 | E11: 3480 | F11: South
A12: Yoga Mat | B12: Fitness | C12: Feb | D12: 52 | E12: 1300 | F12: South
A13: Dumbbell Set | B13: Fitness | C13: Feb | D13: 27 | E13: 1620 | F13: South
... A41: Sneakers | B41: Fashion | C41: May | D41: 45 | E41: 3150 | F41: North

Sheet Analysis
A1: Revenue by Product | E1: Best performers (formulas)
A2: Product Name | B2: Total Revenue | C2: Total Units | E2: Top product | F2: =INDEX($A$3:$A$10,MATCH(MAX($B$3:$B$10),$B$3:$B$10,0)) -> Smart Watch
A3: Wireless Earbuds | B3: =SUMIFS('Sales Data'!$E$2:$E$41,'Sales Data'!$A$2:$A$41,A3) -> 12735 | C3: =SUMIFS('Sales Data'!$D$2:$D$41,'Sales Data'!$A$2:$A$41,A3) -> 283 | E3: Top category | F3: =INDEX($A$14:$A$17,MATCH(MAX($B$14:$B$17),$B$14:$B$17,0)) -> Electronics
A4: Smart Watch | B4: =SUMIFS('Sales Data'!$E$2:$E$41,'Sales Data'!$A$2:$A$41,A4) -> 20400 | C4: =SUMIFS('Sales Data'!$D$2:$D$41,'Sales Data'!$A$2:$A$41,A4) -> 170 | E4: Top month | F4: =INDEX($A$21:$A$25,MATCH(MAX($B$21:$B$25),$B$21:$B$25,0)) -> Jan
A5: Yoga Mat | B5: =SUMIFS('Sales Data'!$E$2:$E$41,'Sales Data'!$A$2:$A$41,A5) -> 6200 | C5: =SUMIFS('Sales Data'!$D$2:$D$41,'Sales Data'!$A$2:$A$41,A5) -> 248 | E5: Top region | F5: =INDEX($A$29:$A$32,MATCH(MAX($B$29:$B$32),$B$29:$B$32,0)) -> North
A6: Dumbbell Set | B6: =SUMIFS('Sales Data'!$E$2:$E$41,'Sales Data'!$A$2:$A$41,A6) -> 9420 | C6: =SUMIFS('Sales Data'!$D$2:$D$41,'Sales Data'!$A$2:$A$41,A6) -> 157
A7: Table Lamp | B7: =SUMIFS('Sales Data'!$E$2:$E$41,'Sales Data'!$A$2:$A$41,A7) -> 5040 | C7: =SUMIFS('Sales Data'!$D$2:$D$41,'Sales Data'!$A$2:$A$41,A7) -> 168 | E7: Total Revenue | F7: =SUM('Sales Data'!E2:E41) -> 93675
A8: Coffee Maker | B8: =SUMIFS('Sales Data'!$E$2:$E$41,'Sales Data'!$A$2:$A$41,A8) -> 15840 | C8: =SUMIFS('Sales Data'!$D$2:$D$41,'Sales Data'!$A$2:$A$41,A8) -> 198
A9: Backpack | B9: =SUMIFS('Sales Data'!$E$2:$E$41,'Sales Data'!$A$2:$A$41,A9) -> 8920 | C9: =SUMIFS('Sales Data'!$D$2:$D$41,'Sales Data'!$A$2:$A$41,A9) -> 223
A10: Sneakers | B10: =SUMIFS('Sales Data'!$E$2:$E$41,'Sales Data'!$A$2:$A$41,A10) -> 15120 | C10: =SUMIFS('Sales Data'!$D$2:$D$41,'Sales Data'!$A$2:$A$41,A10) -> 216
A12: Revenue by Category
A13: Category | B13: Total Revenue | C13: Total Units
A14: Electronics | B14: =SUMIFS('Sales Data'!$E$2:$E$41,'Sales Data'!$B$2:$B$41,A14) -> 33135 | C14: =SUMIFS('Sales Data'!$D$2:$D$41,'Sales Data'!$B$2:$B$41,A14) -> 453
A15: Fitness | B15: =SUMIFS('Sales Data'!$E$2:$E$41,'Sales Data'!$B$2:$B$41,A15) -> 15620 | C15: =SUMIFS('Sales Data'!$D$2:$D$41,'Sales Data'!$B$2:$B$41,A15) -> 405
A16: Home | B16: =SUMIFS('Sales Data'!$E$2:$E$41,'Sales Data'!$B$2:$B$41,A16) -> 20880 | C16: =SUMIFS('Sales Data'!$D$2:$D$41,'Sales Data'!$B$2:$B$41,A16) -> 366
A17: Fashion | B17: =SUMIFS('Sales Data'!$E$2:$E$41,'Sales Data'!$B$2:$B$41,A17) -> 24040 | C17: =SUMIFS('Sales Data'!$D$2:$D$41,'Sales Data'!$B$2:$B$41,A17) -> 439
A19: Revenue by Month
A20: Month | B20: Total Revenue | C20: Total Units
A21: Jan | B21: =SUMIFS('Sales Data'!$E$2:$E$41,'Sales Data'!$C$2:$C$41,A21) -> 21340 | C21: =SUMIFS('Sales Data'!$D$2:$D$41,'Sales Data'!$C$2:$C$41,A21) -> 369
A22: Feb | B22: =SUMIFS('Sales Data'!$E$2:$E$41,'Sales Data'!$C$2:$C$41,A22) -> 18675 | C22: =SUMIFS('Sales Data'!$D$2:$D$41,'Sales Data'!$C$2:$C$41,A22) -> 331
A23: Mar | B23: =SUMIFS('Sales Data'!$E$2:$E$41,'Sales Data'!$C$2:$C$41,A23) -> 19555 | C23: =SUMIFS('Sales Data'!$D$2:$D$41,'Sales Data'!$C$2:$C$41,A23) -> 334
A24: Apr | B24: =SUMIFS('Sales Data'!$E$2:$E$41,'Sales Data'!$C$2:$C$41,A24) -> 16705 | C24: =SUMIFS('Sales Data'!$D$2:$D$41,'Sales Data'!$C$2:$C$41,A24) -> 306
A25: May | B25: =SUMIFS('Sales Data'!$E$2:$E$41,'Sales Data'!$C$2:$C$41,A25) -> 17400 | C25: =SUMIFS('Sales Data'!$D$2:$D$41,'Sales Data'!$C$2:$C$41,A25) -> 323
A27: Revenue by Region
A28: Region | B28: Total Revenue | C28: Total Units
A29: North | B29: =SUMIFS('Sales Data'!$E$2:$E$41,'Sales Data'!$F$2:$F$41,A29) -> 30045 | C29: =SUMIFS('Sales Data'!$D$2:$D$41,'Sales Data'!$F$2:$F$41,A29) -> 494
A30: South | B30: =SUMIFS('Sales Data'!$E$2:$E$41,'Sales Data'!$F$2:$F$41,A30) -> 16040 | C30: =SUMIFS('Sales Data'!$D$2:$D$41,'Sales Data'!$F$2:$F$41,A30) -> 342
A31: East | B31: =SUMIFS('Sales Data'!$E$2:$E$41,'Sales Data'!$F$2:$F$41,A31) -> 20120 | C31: =SUMIFS('Sales Data'!$D$2:$D$41,'Sales Data'!$F$2:$F$41,A31) -> 414
A32: West | B32: =SUMIFS('Sales Data'!$E$2:$E$41,'Sales Data'!$F$2:$F$41,A32) -> 27470 | C32: =SUMIFS('Sales Data'!$D$2:$D$41,'Sales Data'!$F$2:$F$41,A32) -> 413
